added	pageurl	mstaken
1575673227	/tracker	1964
1575673227	/tracker	1887
1575673227	/tracker	1887
1575673227	/tracker	1873
1575673228	/tracker	1842
1575673228	/tracker	1836
1575673228	/tracker	1854
1575673228	/tracker	1832
1575673228	/tracker	1832
1575673228	/tracker	1834
1575673228	/tracker	1832
1575673228	/tracker	1839
1575673228	/tracker	1843
1575673228	/tracker	1218
1575673228	/tracker	1218
1575673228	/tracker	1218
1575673228	/tracker	1314
1575673228	/tracker	1845
1575673227	/tracker	1936
1575673228	/tracker	1854
1575673228	/tracker	1589
1575673228	/tracker	1870
1575673228	/tracker	1542
1575673228	/tracker	1380
1575673228	/tracker	1852
1575673228	/tracker	1381
1575673227	/tracker	1878
1575673228	/tracker	1436
1575673228	/tracker	1652
1575673228	/tracker	1108
1575673228	/tracker	1856
1575673228	/tracker	1593
1575673244	/tracker	1792
1575673244	/tracker	1797
1575673244	/tracker	1798
1575673244	/tracker	1799
1575673244	/tracker	1797
1575673244	/tracker	1793
1575673244	/tracker	1793
1575673244	/tracker	1840
1575673244	/tracker	1793
1575673244	/tracker	1796
1575673244	/tracker	1793
1575673244	/tracker	1815
1575673244	/tracker	1864
1575673244	/tracker	1844
1575673244	/tracker	1812
1575673244	/tracker	1862
1575673244	/tracker	1811
1575673244	/tracker	1812
1575673244	/tracker	1813
1575673244	/tracker	1809
1575673244	/tracker	1822
1575673244	/tracker	1812
1575673244	/tracker	1568
1575673244	/tracker	1814
1575673244	/tracker	1811
1575673244	/tracker	1809
1575673244	/tracker	1811
1575673244	/tracker	1812
1575673244	/tracker	1808
1575673244	/tracker	1814
1575673244	/tracker	1815
1575673244	/tracker	1809
1575673244	/tracker	1571
1575673245	/tracker	1049
1575673244	/tracker	1486
1575673245	/tracker	1074
1575673245	/tracker	1053
1575673245	/tracker	1107
1575673244	/tracker	1875
1575673245	/tracker	1105
1575673245	/tracker	1107
1575673244	/tracker	1879
1575673245	/tracker	1130
1575673244	/tracker	1868
1575673244	/tracker	1875
1575673244	/tracker	1870
1575673244	/tracker	1873
1575673244	/tracker	1567
1575673244	/tracker	1873
1575673244	/tracker	1874
1575673244	/tracker	1884
1575673244	/tracker	1879
1575673244	/tracker	1888
1575673244	/tracker	1840
1575673244	/tracker	1573
1575673245	/tracker	1119
1575673244	/tracker	1886
1575673244	/tracker	1838
1575673244	/tracker	1260
1575673244	/tracker	1883
1575673245	/tracker	1018
1575673244	/tracker	1248
1575673245	/tracker	1093
1575673245	/tracker	1018
1575673244	/tracker	1261
1575673245	/tracker	1125
1575673245	/tracker	1127
1575673245	/tracker	1129
1575673268	/tracker	1075
1575673268	/tracker	1075
1575673268	/tracker	1054
1575673268	/tracker	1097
1575673268	/tracker	1039
1575681252	/tracker	1973
1575681252	/tracker	1970
1575681252	/tracker	1972
1575681252	/tracker	1970
1575681252	/tracker	1968
1575681252	/tracker	2005
1575681252	/tracker	2013
1575681252	/tracker	2012
1575681252	/tracker	2012
1575681252	/tracker	1986
1575681252	/tracker	2108
1575681252	/tracker	2109
1575681252	/tracker	2109
1575681252	/tracker	2111
1575681252	/tracker	2103
1575681252	/tracker	2109
1575681252	/tracker	2106
1575681252	/tracker	2111
1575681252	/tracker	2104
1575681252	/tracker	2110
1575681252	/tracker	2113
1575681252	/tracker	2104
1575681252	/tracker	2109
1575681252	/tracker	2107
1575681252	/tracker	2112
1575681252	/tracker	2106
1575681252	/tracker	2111
1575681252	/tracker	2111
1575681252	/tracker	2110
1575681252	/tracker	2108
1575681252	/tracker	2104
1575681252	/tracker	2106
1575681252	/tracker	2107
1575681252	/tracker	2107
1575681252	/tracker	2111
1575681253	/tracker	1128
1575681252	/tracker	1931
1575681253	/tracker	1129
1575681253	/tracker	1141
1575681253	/tracker	1141
1575681252	/tracker	1283
1575681253	/tracker	1129
1575681253	/tracker	1130
1575681252	/tracker	1922
1575681252	/tracker	1432
1575681252	/tracker	1928
1575681252	/tracker	1835
1575681253	/tracker	1080
1575681252	/tracker	1597
1575681252	/tracker	2008
1575681252	/tracker	1589
1575681253	/tracker	1321
1575681253	/tracker	1193
1575681253	/tracker	1200
1575681253	/tracker	1313
1575681253	/tracker	1154
1575681253	/tracker	1327
1575681252	/tracker	2082
1575681253	/tracker	1121
1575681252	/tracker	1366
1575681253	/tracker	1073
1575681253	/tracker	1102
1575681253	/tracker	1146
1575681253	/tracker	1123
1575681257	/tracker	1775
1575681257	/tracker	1773
1575681257	/tracker	1776
1575681257	/tracker	1773
1575681257	/tracker	1773
1575681257	/tracker	1772
1575681257	/tracker	1771
1575681257	/tracker	1772
1575681257	/tracker	1780
1575681257	/tracker	1780
1575681257	/tracker	1772
1575681257	/tracker	1775
1575681257	/tracker	1777
1575681257	/tracker	2165
1575681258	/tracker	1689
1575681258	/tracker	1690
1575681258	/tracker	1690
1575681257	/tracker	2093
1575681257	/tracker	2182
1575681257	/tracker	2123
1575681258	/tracker	1689
1575681258	/tracker	1691
1575681258	/tracker	1691
1575681258	/tracker	1694
1575681258	/tracker	1693
1575681258	/tracker	1696
1575681258	/tracker	1696
1575681258	/tracker	1697
1575681258	/tracker	1695
1575681258	/tracker	1695
1575681258	/tracker	1692
1575681258	/tracker	1690
1575681258	/tracker	1689
1575681257	/tracker	1801
1575681258	/tracker	1695
1575681258	/tracker	1664
1575681258	/tracker	1697
1575681258	/tracker	1665
1575681258	/tracker	1664
1575681258	/tracker	1682
1575681258	/tracker	1567
1575681258	/tracker	1628
1575681258	/tracker	1482
1575681258	/tracker	1567
1575681257	/tracker	1961
1575681257	/tracker	2027
1575681257	/tracker	1962
1575681258	/tracker	1727
1575681258	/tracker	1731
1575681257	/tracker	2207
1575681258	/tracker	1743
1575681258	/tracker	1734
1575681258	/tracker	1735
1575681258	/tracker	1732
1575681258	/tracker	1736
1575681258	/tracker	1737
1575681258	/tracker	1713
1575681258	/tracker	1705
1575681258	/tracker	1735
1575681258	/tracker	1733
1575681258	/tracker	1705
1575681258	/tracker	1716
1575681258	/tracker	1739
1575681258	/tracker	1708
1575681258	/tracker	1708
1575681258	/tracker	1739
1575681258	/tracker	1716
1575681258	/tracker	1715
1575681258	/tracker	1741
1575681258	/tracker	1720
1575681258	/tracker	1714
1575681258	/tracker	1713
1575681258	/tracker	1714
1575681258	/tracker	1712
1575681258	/tracker	1672
1575681258	/tracker	1689
1575681258	/tracker	1716
1575681258	/tracker	1715
1575681258	/tracker	1718
1575681270	/tracker	2454
1575681270	/tracker	2382
1575681270	/tracker	2585
1575681270	/tracker	2572
1575681270	/tracker	2310
1575681270	/tracker	2532
1575681271	/tracker	1718
1575681270	/tracker	2339
1575681270	/tracker	2582
1575681271	/tracker	1653
1575681270	/tracker	1949
1575681270	/tracker	2212
1575681271	/tracker	1596
1575681271	/tracker	1817
1575681270	/tracker	1893
1575681271	/tracker	1584
1575681271	/tracker	1423
1575681271	/tracker	1290
1575681271	/tracker	1503
1575681271	/tracker	1673
1575681271	/tracker	1412
1575681271	/tracker	1501
1575681271	/tracker	1528
1575681271	/tracker	1164
1575681270	/tracker	2442
1575681270	/tracker	2293
1575681270	/tracker	2354
1575681270	/tracker	2047
1575681270	/tracker	2299
1575681271	/tracker	1740
1575681271	/tracker	1699
1575681271	/tracker	1557
1575681271	/tracker	1179
1575681271	/tracker	1537
1575681282	/tracker	2147
1575681283	/tracker	1896
1575681283	/tracker	1883
1575681283	/tracker	1871
1575681283	/tracker	1885
1575681283	/tracker	1894
1575681282	/tracker	1931
1575681283	/tracker	1896
1575681283	/tracker	1895
1575681283	/tracker	1790
1575681283	/tracker	1896
1575681283	/tracker	1886
1575681283	/tracker	1887
1575681283	/tracker	1457
1575681283	/tracker	1897
1575681283	/tracker	1886
1575681283	/tracker	1754
1575681283	/tracker	1480
1575681283	/tracker	1305
1575681283	/tracker	1393
1575681283	/tracker	1035
1575681283	/tracker	1920
1575681283	/tracker	1471
1575681283	/tracker	1468
1575681283	/tracker	1036
1575681283	/tracker	1872
1575681283	/tracker	1961
1575681283	/tracker	1833
1575681283	/tracker	1766
1575681283	/tracker	1849
1575681283	/tracker	1786
1575681283	/tracker	1967
1575681283	/tracker	1564
1575681283	/tracker	1051
1575681282	/tracker	2068
1575681283	/tracker	1981
1575681283	/tracker	1530
1575681283	/tracker	1153
1575681283	/tracker	1565
1575681283	/tracker	1838
1575681283	/tracker	2037
1575681295	/tracker	2001
1575681295	/tracker	1968
1575681295	/tracker	1990
1575681295	/tracker	1989
1575681295	/tracker	2018
1575681295	/tracker	2020
1575681295	/tracker	2019
1575681295	/tracker	2019
1575681295	/tracker	2020
1575681295	/tracker	2020
1575681295	/tracker	2021
1575681295	/tracker	2019
1575681295	/tracker	2018
1575681295	/tracker	2020
1575681295	/tracker	1887
1575681295	/tracker	1886
1575681295	/tracker	2022
1575681295	/tracker	1888
1575681295	/tracker	1886
1575681295	/tracker	1886
1575681295	/tracker	1887
1575681295	/tracker	2021
1575681295	/tracker	1957
1575681295	/tracker	2023
1575681295	/tracker	2022
1575681295	/tracker	1887
1575681295	/tracker	1887
1575681295	/tracker	1881
1575681295	/tracker	1888
1575681295	/tracker	1888
1575681295	/tracker	1856
1575681295	/tracker	2025
1575681295	/tracker	1740
1575681295	/tracker	1888
1575681295	/tracker	1620
1575681296	/tracker	1165
1575681295	/tracker	1500
1575681296	/tracker	1305
1575681295	/tracker	1400
1575681295	/tracker	1449
1575681296	/tracker	1165
1575681296	/tracker	1305
1575681295	/tracker	1401
1575681295	/tracker	1891
1575681296	/tracker	1166
1575681296	/tracker	1133
1575681296	/tracker	1297
1575681296	/tracker	1051
1575681296	/tracker	1076
1575681295	/tracker	1940
1575681295	/tracker	1913
1575681295	/tracker	1496
1575681295	/tracker	1938
1575681295	/tracker	1665
1575681296	/tracker	1356
1575681295	/tracker	1492
1575681295	/tracker	1907
1575681295	/tracker	1551
1575681295	/tracker	1490
1575681295	/tracker	1576
1575681295	/tracker	1630
1575681295	/tracker	1668
1575681295	/tracker	1810
1575681296	/tracker	1106
1575681296	/tracker	1223
1575681296	/tracker	1173
1575681296	/tracker	1129
1575681296	/tracker	1404
1575681326	/tracker	1069
1575681326	/tracker	1149
1575681327	/tracker	1099
1575681326	/tracker	1243
1575681327	/tracker	1115
1575681327	/tracker	1190
1575681327	/tracker	1052
1575681327	/tracker	1052
1575681327	/tracker	1194
1575681327	/tracker	1094
1575681467	/tracker	1035
1575681467	/tracker	1019
1575698527	/tracker	1007
1575759622	/tracker	1058
1575759627	/tracker	1073
1575759627	/tracker	1077
1575759627	/tracker	1071
1575759627	/tracker	1045
1575759627	/tracker	1057
1575759641	/tracker	1256
1575759641	/tracker	1281
1575759641	/tracker	1359
1575759641	/tracker	1258
1575759641	/tracker	1255
1575759641	/tracker	1253
1575759641	/tracker	1282
1575759641	/tracker	1257
1575759641	/tracker	1282
1575759641	/tracker	1287
1575759641	/tracker	1286
1575759641	/tracker	1310
1575759641	/tracker	1281
1575759641	/tracker	1281
1575759641	/tracker	1311
1575759641	/tracker	1282
1575759641	/tracker	1280
1575759641	/tracker	1313
1575759641	/tracker	1281
1575759641	/tracker	1282
1575759641	/tracker	1285
1575759641	/tracker	1282
1575759641	/tracker	1286
1575759641	/tracker	1314
1575759641	/tracker	1288
1575759641	/tracker	1287
1575759641	/tracker	1288
1575759641	/tracker	1289
1575759641	/tracker	1204
1575759641	/tracker	1279
1575759641	/tracker	1316
1575759641	/tracker	1281
1575759641	/tracker	1271
1575759641	/tracker	1272
1575759641	/tracker	1335
1575759641	/tracker	1368
1575759641	/tracker	1347
1575759641	/tracker	1465
1575759641	/tracker	1165
1575759641	/tracker	1385
1575759641	/tracker	1379
1575759641	/tracker	1216
1575759641	/tracker	1098
1575759641	/tracker	1217
1575759641	/tracker	1261
1575759641	/tracker	1108
1575759646	/tracker	1203
1575759646	/tracker	1239
1575759646	/tracker	1197
1575759646	/tracker	1149
1575759646	/tracker	1277
1575759646	/tracker	1039
1575759646	/tracker	1075
1575759647	/tracker	1012
1575759647	/tracker	1010
1575759647	/tracker	1011
1575759647	/tracker	1013
1575759647	/tracker	1013
1575759647	/tracker	1014
1575759647	/tracker	1011
1575759647	/tracker	1008
1575759647	/tracker	1034
1575759647	/tracker	1011
1575759646	/tracker	1058
1575759647	/tracker	1008
1575759647	/tracker	1011
1575759647	/tracker	1010
1575759647	/tracker	1006
1575759647	/tracker	1004
1575759647	/tracker	1006
1575759647	/tracker	1010
1575759647	/tracker	1012
1575759647	/tracker	1008
1575759647	/tracker	1013
1575759647	/tracker	1008
1575759647	/tracker	1006
1575759647	/tracker	1010
1575759647	/tracker	1012
1575759647	/tracker	1010
1575759646	/tracker	1190
1575759646	/tracker	1273
1575759646	/tracker	1273
1575759646	/tracker	1269
1575759647	/tracker	1058
1575759647	/tracker	1054
1575759647	/tracker	1059
1575759647	/tracker	1062
1575759647	/tracker	1059
1575759646	/tracker	1168
1575759647	/tracker	1060
1575759647	/tracker	1056
1575759647	/tracker	1050
1575759647	/tracker	1055
1575759647	/tracker	1055
1575759647	/tracker	1026
1575759647	/tracker	1052
1575759647	/tracker	1057
1575759647	/tracker	1051
1575759647	/tracker	1051
1575759647	/tracker	1058
1575759647	/tracker	1056
1575759647	/tracker	1055
1575759647	/tracker	1052
1575759647	/tracker	1057
1575759647	/tracker	1052
1575759647	/tracker	1051
1575759647	/tracker	1051
1575759647	/tracker	1053
1575767651	/tracker	1967
1575767651	/tracker	1936
1575767652	/tracker	1160
1575767651	/tracker	1410
1575767652	/tracker	1139
1575767652	/tracker	1195
1575767652	/tracker	1018
1575767651	/tracker	1785
1575767651	/tracker	1604
1575767651	/tracker	1675
1575767651	/tracker	1633
1575767651	/tracker	1346
1575767651	/tracker	1604
1575767652	/tracker	1313
1575767652	/tracker	1129
1575767657	/tracker	1544
1575767656	/tracker	1940
1575767657	/tracker	1534
1575767657	/tracker	1534
1575767656	/tracker	1763
1575767657	/tracker	1535
1575767657	/tracker	1545
1575767657	/tracker	1536
1575767657	/tracker	1546
1575767657	/tracker	1537
1575767657	/tracker	1537
1575767656	/tracker	1947
1575767656	/tracker	1669
1575767657	/tracker	1569
1575767657	/tracker	1581
1575767657	/tracker	1575
1575767657	/tracker	1580
1575767657	/tracker	1572
1575767657	/tracker	1575
1575767657	/tracker	1582
1575767657	/tracker	1574
1575767657	/tracker	1585
1575767657	/tracker	1585
1575767657	/tracker	1577
1575767657	/tracker	1025
1575767657	/tracker	1571
1575767657	/tracker	1580
1575767657	/tracker	1575
1575767657	/tracker	1586
1575767657	/tracker	1585
1575767657	/tracker	1589
1575767657	/tracker	1576
1575767657	/tracker	1104
1575767657	/tracker	1570
1575767657	/tracker	1598
1575767657	/tracker	1594
1575767657	/tracker	1576
1575767657	/tracker	1500
1575767657	/tracker	1588
1575767657	/tracker	1137
1575767656	/tracker	1892
1575767657	/tracker	1592
1575767656	/tracker	1983
1575767657	/tracker	1577
1575767657	/tracker	1575
1575767657	/tracker	1601
1575767657	/tracker	1591
1575767657	/tracker	1396
1575767656	/tracker	1898
1575767657	/tracker	1524
1575767656	/tracker	1723
1575767657	/tracker	1539
1575767656	/tracker	1639
1575767656	/tracker	1842
1575767657	/tracker	1583
1575767656	/tracker	1877
1575767657	/tracker	1590
1575767657	/tracker	1591
1575767657	/tracker	1599
1575767657	/tracker	1348
1575767657	/tracker	1592
1575767657	/tracker	1499
1575767657	/tracker	1594
1575767657	/tracker	1594
1575767657	/tracker	1347
1575767669	/tracker	2300
1575767669	/tracker	2328
1575767669	/tracker	2328
1575767669	/tracker	2300
1575767669	/tracker	2281
1575767669	/tracker	2106
1575767669	/tracker	1815
1575767669	/tracker	1814
1575767670	/tracker	1344
1575767670	/tracker	1477
1575767670	/tracker	1246
1575767670	/tracker	1284
1575767669	/tracker	2417
1575767669	/tracker	2416
1575767669	/tracker	2390
1575767670	/tracker	1327
1575767669	/tracker	2141
1575767669	/tracker	2329
1575767669	/tracker	1748
1575767669	/tracker	1718
1575767670	/tracker	1392
1575767669	/tracker	1866
1575767670	/tracker	1098
1575767679	/tracker	1005
1575767682	/tracker	2198
1575767682	/tracker	2063
1575767682	/tracker	2156
1575767682	/tracker	2265
1575767683	/tracker	2042
1575767683	/tracker	1422
1575767682	/tracker	2339
1575767683	/tracker	1221
1575767684	/tracker	1032
1575767684	/tracker	1024
1575767683	/tracker	1729
1575767684	/tracker	1023
1575767684	/tracker	1032
1575767684	/tracker	1024
1575767683	/tracker	1289
1575767684	/tracker	1020
1575767683	/tracker	1995
1575767683	/tracker	1154
1575767683	/tracker	1636
1575767684	/tracker	1023
1575767684	/tracker	1026
1575767684	/tracker	1022
1575767682	/tracker	2312
1575767683	/tracker	1909
1575767683	/tracker	1897
1575767683	/tracker	1817
1575767683	/tracker	1647
1575767682	/tracker	2319
1575767682	/tracker	2361
1575767683	/tracker	1622
1575767683	/tracker	1308
1575767684	/tracker	1077
1575767684	/tracker	1085
1575767682	/tracker	2355
1575767682	/tracker	2316
1575767683	/tracker	1861
1575767683	/tracker	1549
1575767691	/tracker	1007
1575767692	/tracker	1031
1575767695	/tracker	1966
1575767696	/tracker	1824
1575767696	/tracker	1580
1575767696	/tracker	1668
1575767696	/tracker	1698
1575767696	/tracker	1604
1575767696	/tracker	1085
1575767696	/tracker	1842
1575767695	/tracker	1979
1575767695	/tracker	2043
1575767696	/tracker	1026
1575767695	/tracker	1983
1575767695	/tracker	1980
1575767696	/tracker	1126
1575767696	/tracker	1576
1575767696	/tracker	1854
1575767696	/tracker	1623
1575767696	/tracker	1326
1575767732	/tracker	1333
1575767732	/tracker	1411
1575767732	/tracker	1410
1575767732	/tracker	1254
1575767732	/tracker	1268
1575767732	/tracker	1032
1575767732	/tracker	1103
1575767732	/tracker	1012
1575767732	/tracker	1034
1575767763	/tracker	1299
1575767763	/tracker	1321
1575767763	/tracker	1127
1575767763	/tracker	1322
1575767763	/tracker	1140
1575767763	/tracker	1271
1575767763	/tracker	1148
1575767763	/tracker	1086
1575767854	/tracker	1414
1575767854	/tracker	1414
1575767855	/tracker	1175
1575767854	/tracker	1362
1575767854	/tracker	1359
1575767854	/tracker	1361
1575767855	/tracker	1343
1575767854	/tracker	1363
1575767855	/tracker	1220
1575767855	/tracker	1142
1575767855	/tracker	1101
1575767855	/tracker	1053
1575767855	/tracker	1001
1575767855	/tracker	1487
1575767855	/tracker	1261
1575767855	/tracker	1317
1575767854	/tracker	1502
1575767854	/tracker	1501
1575771332	/tracker	1036
1575771332	/tracker	1065
1575771332	/tracker	1065
1575784932	/tracker	1121
1575784932	/tracker	1136
1575784932	/tracker	1029
1575784932	/tracker	1137
1575784932	/tracker	1017
1575784933	/tracker	1019
1575846022	/tracker	1038
1575846022	/tracker	1018
1575846021	/tracker	1056
1575846021	/tracker	1057
1575846022	/tracker	1050
1575846021	/tracker	1065
1575846022	/tracker	1035
1575846022	/tracker	1036
1575846022	/tracker	1041
1575846027	/tracker	1149
1575846027	/tracker	1073
1575846038	/tracker	1550
1575846038	/tracker	1537
1575846038	/tracker	1533
1575846038	/tracker	1504
1575846038	/tracker	1536
1575846038	/tracker	1533
1575846038	/tracker	1504
1575846038	/tracker	1506
1575846038	/tracker	1540
1575846038	/tracker	1506
1575846038	/tracker	1505
1575846038	/tracker	1505
1575846038	/tracker	1538
1575846038	/tracker	1505
1575846038	/tracker	1507
1575846038	/tracker	1538
1575846038	/tracker	1507
1575846038	/tracker	1537
1575846038	/tracker	1538
1575846038	/tracker	1507
1575846038	/tracker	1540
1575846038	/tracker	1540
1575846038	/tracker	1509
1575846038	/tracker	1541
1575846038	/tracker	1536
1575846038	/tracker	1538
1575846038	/tracker	1508
1575846038	/tracker	1509
1575846038	/tracker	1543
1575846038	/tracker	1567
1575846038	/tracker	1598
1575846038	/tracker	1539
1575846038	/tracker	1399
1575846038	/tracker	1394
1575846038	/tracker	1597
1575846038	/tracker	1602
1575846038	/tracker	1598
1575846038	/tracker	1402
1575846038	/tracker	1403
1575846038	/tracker	1403
1575846038	/tracker	1402
1575846038	/tracker	1196
1575846038	/tracker	1601
1575846038	/tracker	1195
1575846038	/tracker	1398
1575846038	/tracker	1403
1575846038	/tracker	1411
1575846038	/tracker	1601
1575846038	/tracker	1429
1575846038	/tracker	1553
1575846038	/tracker	1559
1575846038	/tracker	1591
1575846038	/tracker	1403
1575846038	/tracker	1243
1575846038	/tracker	1145
1575846038	/tracker	1631
1575846038	/tracker	1606
1575846038	/tracker	1137
1575846038	/tracker	1409
1575846038	/tracker	1608
1575846038	/tracker	1410
1575846038	/tracker	1402
1575846038	/tracker	1410
1575846038	/tracker	1409
1575846038	/tracker	1409
1575846038	/tracker	1474
1575846038	/tracker	1409
1575846038	/tracker	1641
1575846062	/tracker	1407
1575846062	/tracker	1411
1575846062	/tracker	1405
1575846062	/tracker	1371
1575846062	/tracker	1033
1575846062	/tracker	1357
1575846062	/tracker	1329
1575846062	/tracker	1119
1575854052	/tracker	1902
1575854052	/tracker	1919
1575854053	/tracker	1396
1575854053	/tracker	1337
1575854053	/tracker	1106
1575854053	/tracker	1119
1575854052	/tracker	1869
1575854052	/tracker	1683
1575854053	/tracker	1106
1575854052	/tracker	1675
1575854052	/tracker	1607
1575854053	/tracker	1353
1575854052	/tracker	1731
1575854052	/tracker	1624
1575854052	/tracker	1899
1575854053	/tracker	1419
1575854053	/tracker	1270
1575854058	/tracker	1779
1575854058	/tracker	1781
1575854058	/tracker	1780
1575854058	/tracker	1776
1575854058	/tracker	1779
1575854058	/tracker	1357
1575854058	/tracker	1782
1575854058	/tracker	1783
1575854058	/tracker	1777
1575854058	/tracker	1786
1575854058	/tracker	1356
1575854058	/tracker	1724
1575854058	/tracker	1449
1575854058	/tracker	1082
1575854058	/tracker	1786
1575854058	/tracker	1787
1575854058	/tracker	1680
1575854058	/tracker	1680
1575854058	/tracker	1780
1575854058	/tracker	1005
1575854058	/tracker	1212
1575854058	/tracker	1889
1575854058	/tracker	1894
1575854058	/tracker	1888
1575854058	/tracker	1897
1575854058	/tracker	1934
1575854058	/tracker	1944
1575854058	/tracker	1841
1575854058	/tracker	1936
1575854058	/tracker	1839
1575854058	/tracker	1005
1575854058	/tracker	1840
1575854058	/tracker	1722
1575854058	/tracker	1376
1575854058	/tracker	1402
1575854058	/tracker	1226
1575854064	/tracker	1092
1575854064	/tracker	1161
1575854064	/tracker	1227
1575854065	/tracker	1032
1575854065	/tracker	1033
1575854065	/tracker	1035
1575854064	/tracker	1266
1575854065	/tracker	1035
1575854065	/tracker	1035
1575854065	/tracker	1102
1575854065	/tracker	1102
1575854065	/tracker	1096
1575854065	/tracker	1103
1575854065	/tracker	1102
1575854065	/tracker	1093
1575854065	/tracker	1100
1575854065	/tracker	1110
1575854065	/tracker	1110
1575854065	/tracker	1102
1575854065	/tracker	1112
1575854065	/tracker	1111
1575854065	/tracker	1122
1575854065	/tracker	1155
1575854065	/tracker	1157
1575854065	/tracker	1156
1575854065	/tracker	1156
1575854065	/tracker	1102
1575854069	/tracker	2201
1575854069	/tracker	1907
1575854069	/tracker	2103
1575854069	/tracker	2005
1575854069	/tracker	1883
1575854069	/tracker	2012
1575854069	/tracker	2178
1575854070	/tracker	1769
1575854070	/tracker	1770
1575854069	/tracker	1974
1575854070	/tracker	1770
1575854070	/tracker	1768
1575854070	/tracker	1767
1575854070	/tracker	1605
1575854070	/tracker	1174
1575854070	/tracker	1625
1575854070	/tracker	1374
1575854070	/tracker	1769
1575854070	/tracker	1770
1575854070	/tracker	1769
1575854070	/tracker	1136
1575854070	/tracker	1171
1575854069	/tracker	2423
1575854070	/tracker	1906
1575854069	/tracker	2169
1575854070	/tracker	1979
1575854070	/tracker	1880
1575854070	/tracker	1279
1575854070	/tracker	1640
1575854070	/tracker	1717
1575854070	/tracker	1357
1575854069	/tracker	2413
1575854070	/tracker	1353
1575854070	/tracker	1982
1575854070	/tracker	1983
1575854069	/tracker	2443
1575854070	/tracker	1112
1575854082	/tracker	2321
1575854082	/tracker	2316
1575854082	/tracker	2325
1575854082	/tracker	2325
1575854082	/tracker	2325
1575854082	/tracker	2317
1575854082	/tracker	2325
1575854082	/tracker	2325
1575854082	/tracker	2326
1575854082	/tracker	2312
1575854082	/tracker	2317
1575854082	/tracker	2307
1575854082	/tracker	2317
1575854082	/tracker	2473
1575854082	/tracker	2463
1575854082	/tracker	2220
1575854082	/tracker	2177
1575854082	/tracker	2438
1575854083	/tracker	1483
1575854082	/tracker	1944
1575854082	/tracker	2285
1575854083	/tracker	1486
1575854082	/tracker	1725
1575854083	/tracker	1487
1575854083	/tracker	1486
1575854083	/tracker	1484
1575854083	/tracker	1488
1575854083	/tracker	1487
1575854082	/tracker	1607
1575854083	/tracker	1516
1575854083	/tracker	1355
1575854082	/tracker	2526
1575854082	/tracker	2508
1575854082	/tracker	2511
1575854082	/tracker	2543
1575854082	/tracker	2542
1575854082	/tracker	2543
1575854083	/tracker	1279
1575854082	/tracker	2462
1575854082	/tracker	2192
1575854082	/tracker	1750
1575854083	/tracker	1289
1575854082	/tracker	2306
1575854082	/tracker	2368
1575854082	/tracker	2444
1575854082	/tracker	1888
1575854082	/tracker	1820
1575854083	/tracker	1555
1575854082	/tracker	2210
1575854083	/tracker	1555
1575854083	/tracker	1555
1575854082	/tracker	1671
1575854083	/tracker	1557
1575854082	/tracker	1605
1575854083	/tracker	1558
1575854083	/tracker	1556
1575854083	/tracker	1381
1575854083	/tracker	1194
1575854083	/tracker	1015
1575854083	/tracker	1302
1575854083	/tracker	1172
1575854098	/tracker	1931
1575854098	/tracker	1853
1575854098	/tracker	1883
1575854098	/tracker	1838
1575854098	/tracker	1755
1575854099	/tracker	1263
1575854099	/tracker	1263
1575854099	/tracker	1259
1575854099	/tracker	1258
1575854099	/tracker	1258
1575854099	/tracker	1262
1575854099	/tracker	1244
